"protein_id","logFC","AveExpr","t","P.Value","adj.P.Val","B"
"Q9V4E7",-1.39747885563372,15.4662884541501,-10.110403530359,3.54170870250794e-08,1.64344991989234e-05,9.17145392701575
"P06002",-1.09562743848827,16.998277330311,-9.91156674374868,4.62237673964801e-08,1.64344991989234e-05,8.91737678532752
