"protein_id","logFC","AveExpr","t","P.Value","adj.P.Val","B"
"P10676",-1.06222841949458,19.6680274835087,-13.1533467528725,9.33593648284042e-10,1.73026022815309e-07,12.7891763103134
"Q9VV31",-1.30560764476998,15.6252071715139,-11.6710772714636,4.98490671299831e-09,4.15741219864059e-07,11.1217929935063
"Q9V4E7",1.30292940665368,15.4662884541501,9.42636235227059,9.00532362959654e-08,3.06548567636062e-06,8.20304755047199
"P19334",-1.02046554310178,15.1882842984039,-6.81963203501991,5.17764844579119e-06,6.74712313092165e-05,4.07177628120859
"Q8IN43",-1.11392451857729,17.8871994134707,-6.28281689887099,1.33047687420568e-05,0.000133688881094884,3.10739816938139
