"protein_id","logFC","AveExpr","t","P.Value","adj.P.Val","B"
"P06002",-1.09562743848828,17.0500392303794,-19.1029918221836,2.35608277208355e-09,3.92994606383536e-06,11.4154360429226
"Q9V4E7",-1.39747885563374,15.6676851137624,-12.6802042091633,1.3437800126495e-07,7.47141687033121e-05,8.0508611436812
